<?xml version="1.0" encoding="UTF-8"?>
<skin version="0.2">
	<title xml:lang="ko">이온디 온 플래닛 스킨</title>
	<description xml:lang="ko">
		플래닛 글들을 출력하는 기본 위젯 스킨입니다.
	</description>
	<version>0.3</version>
	<date>2015-06-29</date>
	<link>http://eond.com</link>

	<author email_address="eond@eond.com" link="http://eond.com">
		<name xml:lang="ko">이온디</name>
	</author>
	<colorset>
		<color name="wdg">
            <title xml:lang="ko">기본 스킨(권장)</title>
		</color>
		<color name="layout">
            <title xml:lang="ko">레이아웃에 맞춤</title>
		</color>
	</colorset>
</skin>